{"train_accuracy":0.9976833333333334,"lr":8.000000000000001e-06,"_timestamp":1.7351594120467572e+09,"train_loss":0.007988958923708317,"_step":21,"epoch":21,"test_accuracy":0.9926,"test_loss":0.02560919583833017,"_runtime":320.225470375,"_wandb":{"runtime":334}}