{"_runtime":154.686378001,"train_accuracy":0.9959333333333333,"test_loss":0.14663749030182555,"_wandb":{"runtime":158},"_step":34,"epoch":34,"test_accuracy":0.9734,"_timestamp":1.73506621015312e+09,"train_loss":0.011795773992340669,"lr":0.0008}