{"test_accuracy":0.9371,"_runtime":5.481867875,"test_loss":0.2087022743015817,"lr":0.001,"_wandb":{"runtime":5},"train_loss":0.36598140744369295,"train_accuracy":0.8918333333333334,"_step":0,"epoch":0,"_timestamp":1.735066321510792e+09}