{"_timestamp":1.735067025735706e+09,"_runtime":464.996600583,"lr":1.0000000000000004e-08,"test_loss":0.06999235097434187,"_wandb":{"runtime":467},"test_accuracy":0.9817,"_step":110,"train_loss":0.002845652021856399,"train_accuracy":0.9997333333333334,"epoch":110}