{"train_accuracy":0.9931666666666666,"test_loss":0.12778000350677432,"test_accuracy":0.9774,"_wandb":{"runtime":142},"_timestamp":1.735063614095262e+09,"train_loss":0.02142660422276304,"_runtime":138.748016875,"_step":30,"epoch":30}