{"lr":6.103515625e-08,"test_loss":0.17489853962994478,"_timestamp":1.735065554144481e+09,"_step":299,"epoch":299,"train_loss":2.1618982535816112e-08,"train_accuracy":1,"_runtime":1321.350488792,"_wandb":{"runtime":1321},"test_accuracy":0.9837}