{"_wandb":{"runtime":102},"train_loss":0.6781755100272697,"_step":8,"test_loss":0.7100837593293404,"epoch":8,"train_accuracy":0.7984333333333333,"_runtime":100.547102083,"test_accuracy":0.7663,"_timestamp":1.7350618491861608e+09}