{"test_loss":0.09969633722735298,"_wandb":{"runtime":206},"_step":47,"_timestamp":1.7350675571118321e+09,"_runtime":204.156698834,"lr":0.0001,"train_accuracy":0.9465,"epoch":47,"test_accuracy":0.9698,"train_loss":0.1748931758772971}