{"_timestamp":1.735095457909665e+09,"_wandb":{"runtime":84},"_step":10,"test_loss":0.13121403220906325,"train_loss":0.18984024476160605,"train_accuracy":0.94285,"_runtime":77.497927,"test_accuracy":0.9597,"epoch":10,"lr":0.001}