{"_step":0,"test_accuracy":0.9392,"test_loss":0.19638554197206734,"_timestamp":1.735061912164146e+09,"epoch":0,"_wandb":{"runtime":15},"train_accuracy":0.9054,"_runtime":11.853591709,"train_loss":0.3051227150885039}