{"test_loss":0.028400208510783034,"test_accuracy":5.742651469706058,"_wandb":{"runtime":77},"epoch":6,"train_accuracy":5.8123,"_timestamp":1.7350614745403268e+09,"_runtime":74.099181916,"train_loss":0.01808120039029385,"_step":6}