{"_wandb":{"runtime":2360},"epoch":499,"train_loss":0.006900940416711207,"lr":3.245185536584274e-07,"_runtime":2360.207394583,"_timestamp":1.735093447319932e+09,"train_accuracy":0.9980666666666667,"test_loss":0.05487102403665509,"_step":499,"test_accuracy":0.9856}